{
    "p": 2,
    "c": 1,
    "alpha": 0.5,
    "customers": [
        0,
        1,
        2,
        3,
        4,
        5,
        6,
        7,
        8,
        9
    ],
    "distances": [
        [
            0.0,
            19961.055803,
            15695.196543,
            23247.451824,
            23046.622137,
            30371.322913,
            31577.964679,
            32743.328913,
            35819.163316,
            36032.738594
        ],
        [
            19961.055803,
            0.0,
            20191.326859,
            12595.394227,
            24553.875698,
            18813.216573,
            29874.336918,
            25425.407695,
            38247.7978,
            30557.93748
        ],
        [
            15695.196543,
            20191.326859,
            0.0,
            13742.833386,
            7366.854893,
            18671.421236,
            15890.654144,
            18296.575315,
            20875.261887,
            20739.350725
        ],
        [
            23247.451824,
            12595.394227,
            13742.833386,
            0.0,
            14466.613927,
            7400.714742,
            17776.679056,
            12874.755208,
            26799.9361,
            17962.848297
        ],
        [
            23046.622137,
            24553.875698,
            7366.854893,
            14466.613927,
            0.0,
            16356.968286,
            8627.190403,
            13047.370259,
            14115.806253,
            14158.796291
        ],
        [
            30371.322913,
            18813.216573,
            18671.421236,
            7400.714742,
            16356.968286,
            0.0,
            15746.216312,
            7942.623442,
            25355.509097,
            13245.80206
        ],
        [
            31577.964679,
            29874.336918,
            15890.654144,
            17776.679056,
            8627.190403,
            15746.216312,
            0.0,
            8784.115184,
            9609.398813,
            6701.527622
        ],
        [
            32743.328913,
            25425.407695,
            18296.575315,
            12874.755208,
            13047.370259,
            7942.623442,
            8784.115184,
            0.0,
            18158.264902,
            5353.363665
        ],
        [
            35819.163316,
            38247.7978,
            20875.261887,
            26799.9361,
            14115.806253,
            25355.509097,
            9609.398813,
            18158.264902,
            0.0,
            14475.311785
        ],
        [
            36032.738594,
            30557.93748,
            20739.350725,
            17962.848297,
            14158.796291,
            13245.80206,
            6701.527622,
            5353.363665,
            14475.311785,
            0.0
        ]
    ],
    "demands": [
        [
            0.0,
            36.99225,
            54.50374,
            19.26993,
            20.09353,
            17.65083,
            56.77023,
            17.0805,
            18.83119,
            16.3857
        ],
        [
            25.79368,
            0.0,
            24.9978,
            26.57622,
            18.2892,
            23.16878,
            38.16187,
            20.41213,
            12.48278,
            16.59752
        ],
        [
            66.81259,
            39.3154,
            0.0,
            22.4085,
            24.20284,
            20.51443,
            70.55825,
            20.242,
            22.99969,
            19.42402
        ],
        [
            17.32913,
            33.11961,
            18.76116,
            0.0,
            16.3616,
            22.92953,
            40.16107,
            23.14628,
            11.42045,
            18.67024
        ],
        [
            17.48542,
            25.13702,
            21.18277,
            19.09304,
            0.0,
            18.30631,
            73.40977,
            20.08767,
            23.88958,
            19.43431
        ],
        [
            11.60717,
            18.44195,
            12.16834,
            16.1154,
            11.117,
            0.0,
            37.16685,
            21.82894,
            9.55635,
            18.06635
        ],
        [
            82.3726,
            77.53514,
            90.44923,
            67.79197,
            95.05794,
            72.6356,
            0.0,
            98.82669,
            110.00666,
            110.36841
        ],
        [
            35.14312,
            41.73451,
            36.29946,
            48.41528,
            35.71107,
            57.57814,
            173.37314,
            0.0,
            41.22635,
            91.82538
        ],
        [
            12.19623,
            11.89953,
            15.34527,
            10.23904,
            18.93588,
            11.15861,
            67.87516,
            15.06425,
            0.0,
            20.37256
        ],
        [
            21.71765,
            24.96393,
            22.80694,
            27.79022,
            23.08363,
            32.89169,
            109.09831,
            50.84656,
            30.24721,
            0.0
        ]
    ]
}
