{
    "p": 4,
    "c": 1,
    "alpha": 0.5,
    "customers": [
        0,
        1,
        2,
        3,
        4,
        5,
        6,
        7,
        8,
        9,
        10,
        11,
        12,
        13,
        14,
        15,
        16,
        17,
        18,
        19
    ],
    "distances": [
        [
            0.0,
            11573.680449,
            18163.411704,
            36817.924256,
            15640.177599,
            17506.423842,
            22977.075706,
            32193.635298,
            20952.586216,
            25387.062499,
            29774.379425,
            36858.08104,
            26751.922134,
            32128.150462,
            32804.232884,
            37925.077346,
            32953.053481,
            34220.366976,
            35513.386889,
            37877.783478
        ],
        [
            11573.680449,
            0.0,
            10075.249909,
            26434.767398,
            20170.356461,
            15388.685544,
            18942.300323,
            26082.039816,
            25120.784956,
            24313.43781,
            26951.780016,
            31700.070608,
            30086.018957,
            33114.811704,
            32450.797588,
            34167.914043,
            39186.633294,
            36810.532154,
            35922.964671,
            37001.73116
        ],
        [
            18163.411704,
            10075.249909,
            0.0,
            19050.708631,
            18041.531424,
            9062.016164,
            10002.399132,
            16019.945199,
            21546.261097,
            16665.241445,
            17959.95377,
            21718.686515,
            25096.244116,
            26051.593573,
            24542.471542,
            24508.767721,
            35919.23786,
            30649.533969,
            28293.751747,
            28551.499174
        ],
        [
            36817.924256,
            26434.767398,
            19050.708631,
            0.0,
            35430.309158,
            25402.205339,
            21685.626132,
            16710.348441,
            37344.319996,
            28039.160899,
            25187.41077,
            21074.067498,
            38771.963447,
            36106.962824,
            32963.241639,
            25973.289252,
            50490.863937,
            41666.394216,
            36607.846143,
            34468.826069
        ],
        [
            15640.177599,
            20170.356461,
            18041.531424,
            35430.309158,
            0.0,
            10028.438181,
            14688.314779,
            24010.642853,
            5366.221261,
            12589.444837,
            17956.134407,
            26671.686133,
            11114.296631,
            16931.109053,
            18341.824176,
            26004.32569,
            19019.166537,
            18583.423203,
            20455.001434,
            23456.215806
        ],
        [
            17506.423842,
            15388.685544,
            9062.016164,
            25402.205339,
            10028.438181,
            0.0,
            5700.330937,
            15371.259515,
            12646.27894,
            8954.615699,
            12422.6703,
            19463.01213,
            16055.967202,
            17818.37927,
            17078.33649,
            20454.795937,
            26912.25706,
            21947.302512,
            20537.763389,
            21748.430922
        ],
        [
            22977.075706,
            18942.300323,
            10002.399132,
            21685.626132,
            14688.314779,
            5700.330937,
            0.0,
            9701.380186,
            15721.178583,
            7201.825916,
            8056.282716,
            13881.124934,
            17329.647098,
            16538.838927,
            14643.554282,
            15410.787657,
            28953.092702,
            21585.144249,
            18454.105537,
            18549.862218
        ],
        [
            32193.635298,
            26082.039816,
            16019.945199,
            16710.348441,
            24010.642853,
            15371.259515,
            9701.380186,
            0.0,
            23932.944587,
            13082.6593,
            8882.28469,
            5995.995315,
            23694.475158,
            19746.022043,
            16389.208989,
            10097.221921,
            35284.765777,
            25348.379785,
            19941.118731,
            17808.664309
        ],
        [
            20952.586216,
            25120.784956,
            21546.261097,
            37344.319996,
            5366.221261,
            12646.27894,
            15721.178583,
            23932.944587,
            0.0,
            11091.986988,
            16400.918297,
            25395.112327,
            5843.343646,
            12471.426534,
            14625.38431,
            23771.04848,
            14437.866315,
            13354.841764,
            16045.682528,
            19558.060316
        ],
        [
            25387.062499,
            24313.43781,
            16665.241445,
            28039.160899,
            12589.444837,
            8954.615699,
            7201.825916,
            13082.6593,
            11091.986988,
            0.0,
            5429.536975,
            14370.17303,
            10804.872797,
            9416.21486,
            8138.329462,
            13425.62975,
            22528.134084,
            14384.90935,
            11718.147023,
            12831.747223
        ],
        [
            29774.379425,
            26951.780016,
            17959.95377,
            25187.41077,
            17956.134407,
            12422.6703,
            8056.282716,
            8882.28469,
            16400.918297,
            5429.536975,
            0.0,
            8994.26604,
            15106.699598,
            10938.482542,
            7858.513242,
            8252.506792,
            26522.615334,
            16527.816833,
            11651.547007,
            10760.485734
        ],
        [
            36858.08104,
            31700.070608,
            21718.686515,
            21074.067498,
            26671.686133,
            19463.01213,
            13881.124934,
            5995.995315,
            25395.112327,
            14370.17303,
            8994.26604,
            0.0,
            23738.761004,
            18141.795765,
            14399.903137,
            4937.887282,
            34705.156941,
            23551.486038,
            17273.921423,
            14102.775806
        ],
        [
            26751.922134,
            30086.018957,
            25096.244116,
            38771.963447,
            11114.296631,
            16055.967202,
            17329.647098,
            23694.475158,
            5843.343646,
            10804.872797,
            15106.699598,
            23738.761004,
            0.0,
            7600.820829,
            10679.263513,
            21087.150095,
            11729.930738,
            7511.775061,
            11024.707699,
            15043.535345
        ],
        [
            32128.150462,
            33114.811704,
            26051.593573,
            36106.962824,
            16931.109053,
            17818.37927,
            16538.838927,
            19746.022043,
            12471.426534,
            9416.21486,
            10938.482542,
            18141.795765,
            7600.820829,
            0.0,
            3778.913849,
            14578.139352,
            16764.714943,
            5602.431996,
            3574.804175,
            7450.04257
        ],
        [
            32804.232884,
            32450.797588,
            24542.471542,
            32963.241639,
            18341.824176,
            17078.33649,
            14643.554282,
            16389.208989,
            14625.38431,
            8138.329462,
            7858.513242,
            14399.903137,
